--
-- PostgreSQL database dump
--

-- Dumped from database version 17.2 (Homebrew)
-- Dumped by pg_dump version 17.2 (Homebrew)

SET statement_timeout = 0;
SET lock_timeout = 0;
SET idle_in_transaction_session_timeout = 0;
SET transaction_timeout = 0;
SET client_encoding = 'UTF8';
SET standard_conforming_strings = on;
SELECT pg_catalog.set_config('search_path', '', false);
SET check_function_bodies = false;
SET xmloption = content;
SET client_min_messages = warning;
SET row_security = off;

SET default_tablespace = '';

SET default_table_access_method = heap;

--
-- Name: auth_group; Type: TABLE; Schema: public; Owner: postgres
--

CREATE TABLE public.auth_group (
    id integer NOT NULL,
    name character varying(150) NOT NULL
);


ALTER TABLE public.auth_group OWNER TO postgres;

--
-- Name: auth_group_id_seq; Type: SEQUENCE; Schema: public; Owner: postgres
--

ALTER TABLE public.auth_group ALTER COLUMN id ADD GENERATED BY DEFAULT AS IDENTITY (
    SEQUENCE NAME public.auth_group_id_seq
    START WITH 1
    INCREMENT BY 1
    NO MINVALUE
    NO MAXVALUE
    CACHE 1
);


--
-- Name: auth_group_permissions; Type: TABLE; Schema: public; Owner: postgres
--

CREATE TABLE public.auth_group_permissions (
    id bigint NOT NULL,
    group_id integer NOT NULL,
    permission_id integer NOT NULL
);


ALTER TABLE public.auth_group_permissions OWNER TO postgres;

--
-- Name: auth_group_permissions_id_seq; Type: SEQUENCE; Schema: public; Owner: postgres
--

ALTER TABLE public.auth_group_permissions ALTER COLUMN id ADD GENERATED BY DEFAULT AS IDENTITY (
    SEQUENCE NAME public.auth_group_permissions_id_seq
    START WITH 1
    INCREMENT BY 1
    NO MINVALUE
    NO MAXVALUE
    CACHE 1
);


--
-- Name: auth_permission; Type: TABLE; Schema: public; Owner: postgres
--

CREATE TABLE public.auth_permission (
    id integer NOT NULL,
    name character varying(255) NOT NULL,
    content_type_id integer NOT NULL,
    codename character varying(100) NOT NULL
);


ALTER TABLE public.auth_permission OWNER TO postgres;

--
-- Name: auth_permission_id_seq; Type: SEQUENCE; Schema: public; Owner: postgres
--

ALTER TABLE public.auth_permission ALTER COLUMN id ADD GENERATED BY DEFAULT AS IDENTITY (
    SEQUENCE NAME public.auth_permission_id_seq
    START WITH 1
    INCREMENT BY 1
    NO MINVALUE
    NO MAXVALUE
    CACHE 1
);


--
-- Name: auth_user; Type: TABLE; Schema: public; Owner: postgres
--

CREATE TABLE public.auth_user (
    id integer NOT NULL,
    password character varying(128) NOT NULL,
    last_login timestamp with time zone,
    is_superuser boolean NOT NULL,
    username character varying(150) NOT NULL,
    first_name character varying(150) NOT NULL,
    last_name character varying(150) NOT NULL,
    email character varying(254) NOT NULL,
    is_staff boolean NOT NULL,
    is_active boolean NOT NULL,
    date_joined timestamp with time zone NOT NULL
);


ALTER TABLE public.auth_user OWNER TO postgres;

--
-- Name: auth_user_groups; Type: TABLE; Schema: public; Owner: postgres
--

CREATE TABLE public.auth_user_groups (
    id bigint NOT NULL,
    user_id integer NOT NULL,
    group_id integer NOT NULL
);


ALTER TABLE public.auth_user_groups OWNER TO postgres;

--
-- Name: auth_user_groups_id_seq; Type: SEQUENCE; Schema: public; Owner: postgres
--

ALTER TABLE public.auth_user_groups ALTER COLUMN id ADD GENERATED BY DEFAULT AS IDENTITY (
    SEQUENCE NAME public.auth_user_groups_id_seq
    START WITH 1
    INCREMENT BY 1
    NO MINVALUE
    NO MAXVALUE
    CACHE 1
);


--
-- Name: auth_user_id_seq; Type: SEQUENCE; Schema: public; Owner: postgres
--

ALTER TABLE public.auth_user ALTER COLUMN id ADD GENERATED BY DEFAULT AS IDENTITY (
    SEQUENCE NAME public.auth_user_id_seq
    START WITH 1
    INCREMENT BY 1
    NO MINVALUE
    NO MAXVALUE
    CACHE 1
);


--
-- Name: auth_user_user_permissions; Type: TABLE; Schema: public; Owner: postgres
--

CREATE TABLE public.auth_user_user_permissions (
    id bigint NOT NULL,
    user_id integer NOT NULL,
    permission_id integer NOT NULL
);


ALTER TABLE public.auth_user_user_permissions OWNER TO postgres;

--
-- Name: auth_user_user_permissions_id_seq; Type: SEQUENCE; Schema: public; Owner: postgres
--

ALTER TABLE public.auth_user_user_permissions ALTER COLUMN id ADD GENERATED BY DEFAULT AS IDENTITY (
    SEQUENCE NAME public.auth_user_user_permissions_id_seq
    START WITH 1
    INCREMENT BY 1
    NO MINVALUE
    NO MAXVALUE
    CACHE 1
);


--
-- Name: django_admin_log; Type: TABLE; Schema: public; Owner: postgres
--

CREATE TABLE public.django_admin_log (
    id integer NOT NULL,
    action_time timestamp with time zone NOT NULL,
    object_id text,
    object_repr character varying(200) NOT NULL,
    action_flag smallint NOT NULL,
    change_message text NOT NULL,
    content_type_id integer,
    user_id integer NOT NULL,
    CONSTRAINT django_admin_log_action_flag_check CHECK ((action_flag >= 0))
);


ALTER TABLE public.django_admin_log OWNER TO postgres;

--
-- Name: django_admin_log_id_seq; Type: SEQUENCE; Schema: public; Owner: postgres
--

ALTER TABLE public.django_admin_log ALTER COLUMN id ADD GENERATED BY DEFAULT AS IDENTITY (
    SEQUENCE NAME public.django_admin_log_id_seq
    START WITH 1
    INCREMENT BY 1
    NO MINVALUE
    NO MAXVALUE
    CACHE 1
);


--
-- Name: django_content_type; Type: TABLE; Schema: public; Owner: postgres
--

CREATE TABLE public.django_content_type (
    id integer NOT NULL,
    app_label character varying(100) NOT NULL,
    model character varying(100) NOT NULL
);


ALTER TABLE public.django_content_type OWNER TO postgres;

--
-- Name: django_content_type_id_seq; Type: SEQUENCE; Schema: public; Owner: postgres
--

ALTER TABLE public.django_content_type ALTER COLUMN id ADD GENERATED BY DEFAULT AS IDENTITY (
    SEQUENCE NAME public.django_content_type_id_seq
    START WITH 1
    INCREMENT BY 1
    NO MINVALUE
    NO MAXVALUE
    CACHE 1
);


--
-- Name: django_migrations; Type: TABLE; Schema: public; Owner: postgres
--

CREATE TABLE public.django_migrations (
    id bigint NOT NULL,
    app character varying(255) NOT NULL,
    name character varying(255) NOT NULL,
    applied timestamp with time zone NOT NULL
);


ALTER TABLE public.django_migrations OWNER TO postgres;

--
-- Name: django_migrations_id_seq; Type: SEQUENCE; Schema: public; Owner: postgres
--

ALTER TABLE public.django_migrations ALTER COLUMN id ADD GENERATED BY DEFAULT AS IDENTITY (
    SEQUENCE NAME public.django_migrations_id_seq
    START WITH 1
    INCREMENT BY 1
    NO MINVALUE
    NO MAXVALUE
    CACHE 1
);


--
-- Name: django_session; Type: TABLE; Schema: public; Owner: postgres
--

CREATE TABLE public.django_session (
    session_key character varying(40) NOT NULL,
    session_data text NOT NULL,
    expire_date timestamp with time zone NOT NULL
);


ALTER TABLE public.django_session OWNER TO postgres;

--
-- Name: tasks_admin; Type: TABLE; Schema: public; Owner: postgres
--

CREATE TABLE public.tasks_admin (
    faculty_ptr_id integer NOT NULL,
    permissions character varying(255) NOT NULL
);


ALTER TABLE public.tasks_admin OWNER TO postgres;

--
-- Name: tasks_faculty; Type: TABLE; Schema: public; Owner: postgres
--

CREATE TABLE public.tasks_faculty (
    faculty_id integer NOT NULL,
    first_name character varying(255) NOT NULL,
    last_name character varying(255) NOT NULL,
    job_role character varying(255) NOT NULL,
    engineering_dept character varying(255) NOT NULL,
    password character varying(255) NOT NULL,
    email character varying(255) NOT NULL,
    phone character varying(10) NOT NULL,
    zoom_phone character varying(10) NOT NULL,
    office_room character varying(20) NOT NULL,
    hire_date timestamp with time zone NOT NULL,
    mailing_list_status boolean NOT NULL,
    bio text NOT NULL
);


ALTER TABLE public.tasks_faculty OWNER TO postgres;

--
-- Name: tasks_faculty_faculty_id_seq; Type: SEQUENCE; Schema: public; Owner: postgres
--

ALTER TABLE public.tasks_faculty ALTER COLUMN faculty_id ADD GENERATED BY DEFAULT AS IDENTITY (
    SEQUENCE NAME public.tasks_faculty_faculty_id_seq
    START WITH 1
    INCREMENT BY 1
    NO MINVALUE
    NO MAXVALUE
    CACHE 1
);


--
-- Name: tasks_facultydocument; Type: TABLE; Schema: public; Owner: postgres
--

CREATE TABLE public.tasks_facultydocument (
    document_id integer NOT NULL,
    file_path character varying(255) NOT NULL,
    faculty_id integer NOT NULL
);


ALTER TABLE public.tasks_facultydocument OWNER TO postgres;

--
-- Name: tasks_facultydocument_document_id_seq; Type: SEQUENCE; Schema: public; Owner: postgres
--

ALTER TABLE public.tasks_facultydocument ALTER COLUMN document_id ADD GENERATED BY DEFAULT AS IDENTITY (
    SEQUENCE NAME public.tasks_facultydocument_document_id_seq
    START WITH 1
    INCREMENT BY 1
    NO MINVALUE
    NO MAXVALUE
    CACHE 1
);


--
-- Name: tasks_otheremployee; Type: TABLE; Schema: public; Owner: postgres
--

CREATE TABLE public.tasks_otheremployee (
    other_employee_id integer NOT NULL,
    first_name character varying(255) NOT NULL,
    last_name character varying(255) NOT NULL,
    job_role character varying(255) NOT NULL,
    other_employee_dept character varying(255) NOT NULL,
    email character varying(255) NOT NULL,
    phone character varying(10) NOT NULL,
    office_room character varying(20) NOT NULL
);


ALTER TABLE public.tasks_otheremployee OWNER TO postgres;

--
-- Name: tasks_otheremployee_associated_tasks; Type: TABLE; Schema: public; Owner: postgres
--

CREATE TABLE public.tasks_otheremployee_associated_tasks (
    id bigint NOT NULL,
    otheremployee_id integer NOT NULL,
    task_id bigint NOT NULL
);


ALTER TABLE public.tasks_otheremployee_associated_tasks OWNER TO postgres;

--
-- Name: tasks_otheremployee_associated_tasks_id_seq; Type: SEQUENCE; Schema: public; Owner: postgres
--

ALTER TABLE public.tasks_otheremployee_associated_tasks ALTER COLUMN id ADD GENERATED BY DEFAULT AS IDENTITY (
    SEQUENCE NAME public.tasks_otheremployee_associated_tasks_id_seq
    START WITH 1
    INCREMENT BY 1
    NO MINVALUE
    NO MAXVALUE
    CACHE 1
);


--
-- Name: tasks_otheremployee_other_employee_id_seq; Type: SEQUENCE; Schema: public; Owner: postgres
--

ALTER TABLE public.tasks_otheremployee ALTER COLUMN other_employee_id ADD GENERATED BY DEFAULT AS IDENTITY (
    SEQUENCE NAME public.tasks_otheremployee_other_employee_id_seq
    START WITH 1
    INCREMENT BY 1
    NO MINVALUE
    NO MAXVALUE
    CACHE 1
);


--
-- Name: tasks_taskprogress; Type: TABLE; Schema: public; Owner: postgres
--

CREATE TABLE public.tasks_taskprogress (
    progress_id integer NOT NULL,
    progress_status character varying(255) NOT NULL,
    faculty_id integer NOT NULL,
    task_id bigint NOT NULL
);


ALTER TABLE public.tasks_taskprogress OWNER TO postgres;

--
-- Name: tasks_taskprogress_progress_id_seq; Type: SEQUENCE; Schema: public; Owner: postgres
--

ALTER TABLE public.tasks_taskprogress ALTER COLUMN progress_id ADD GENERATED BY DEFAULT AS IDENTITY (
    SEQUENCE NAME public.tasks_taskprogress_progress_id_seq
    START WITH 1
    INCREMENT BY 1
    NO MINVALUE
    NO MAXVALUE
    CACHE 1
);


--
-- Data for Name: auth_group; Type: TABLE DATA; Schema: public; Owner: postgres
--

COPY public.auth_group (id, name) FROM stdin;
\.


--
-- Data for Name: auth_group_permissions; Type: TABLE DATA; Schema: public; Owner: postgres
--

COPY public.auth_group_permissions (id, group_id, permission_id) FROM stdin;
\.


--
-- Data for Name: auth_permission; Type: TABLE DATA; Schema: public; Owner: postgres
--

COPY public.auth_permission (id, name, content_type_id, codename) FROM stdin;
1	Can add log entry	1	add_logentry
2	Can change log entry	1	change_logentry
3	Can delete log entry	1	delete_logentry
4	Can view log entry	1	view_logentry
5	Can add permission	2	add_permission
6	Can change permission	2	change_permission
7	Can delete permission	2	delete_permission
8	Can view permission	2	view_permission
9	Can add group	3	add_group
10	Can change group	3	change_group
11	Can delete group	3	delete_group
12	Can view group	3	view_group
13	Can add user	4	add_user
14	Can change user	4	change_user
15	Can delete user	4	delete_user
16	Can view user	4	view_user
17	Can add content type	5	add_contenttype
18	Can change content type	5	change_contenttype
19	Can delete content type	5	delete_contenttype
20	Can view content type	5	view_contenttype
21	Can add session	6	add_session
22	Can change session	6	change_session
23	Can delete session	6	delete_session
24	Can view session	6	view_session
25	Can add task	7	add_task
26	Can change task	7	change_task
27	Can delete task	7	delete_task
28	Can view task	7	view_task
29	Can add faculty	8	add_faculty
30	Can change faculty	8	change_faculty
31	Can delete faculty	8	delete_faculty
32	Can view faculty	8	view_faculty
33	Can add admin	9	add_admin
34	Can change admin	9	change_admin
35	Can delete admin	9	delete_admin
36	Can view admin	9	view_admin
37	Can add task	10	add_task
38	Can change task	10	change_task
39	Can delete task	10	delete_task
40	Can view task	10	view_task
41	Can add task progress	11	add_taskprogress
42	Can change task progress	11	change_taskprogress
43	Can delete task progress	11	delete_taskprogress
44	Can view task progress	11	view_taskprogress
45	Can add faculty document	12	add_facultydocument
46	Can change faculty document	12	change_facultydocument
47	Can delete faculty document	12	delete_facultydocument
48	Can view faculty document	12	view_facultydocument
49	Can add other employee	13	add_otheremployee
50	Can change other employee	13	change_otheremployee
51	Can delete other employee	13	delete_otheremployee
52	Can view other employee	13	view_otheremployee
53	Can add faculty document	14	add_facultydocument
54	Can change faculty document	14	change_facultydocument
55	Can delete faculty document	14	delete_facultydocument
56	Can view faculty document	14	view_facultydocument
57	Can add task progress	15	add_taskprogress
58	Can change task progress	15	change_taskprogress
59	Can delete task progress	15	delete_taskprogress
60	Can view task progress	15	view_taskprogress
61	Can add faculty	16	add_faculty
62	Can change faculty	16	change_faculty
63	Can delete faculty	16	delete_faculty
64	Can view faculty	16	view_faculty
65	Can add other employee	17	add_otheremployee
66	Can change other employee	17	change_otheremployee
67	Can delete other employee	17	delete_otheremployee
68	Can view other employee	17	view_otheremployee
69	Can add admin	18	add_admin
70	Can change admin	18	change_admin
71	Can delete admin	18	delete_admin
72	Can view admin	18	view_admin
\.


--
-- Data for Name: auth_user; Type: TABLE DATA; Schema: public; Owner: postgres
--

COPY public.auth_user (id, password, last_login, is_superuser, username, first_name, last_name, email, is_staff, is_active, date_joined) FROM stdin;
\.


--
-- Data for Name: auth_user_groups; Type: TABLE DATA; Schema: public; Owner: postgres
--

COPY public.auth_user_groups (id, user_id, group_id) FROM stdin;
\.


--
-- Data for Name: auth_user_user_permissions; Type: TABLE DATA; Schema: public; Owner: postgres
--

COPY public.auth_user_user_permissions (id, user_id, permission_id) FROM stdin;
\.


--
-- Data for Name: django_admin_log; Type: TABLE DATA; Schema: public; Owner: postgres
--

COPY public.django_admin_log (id, action_time, object_id, object_repr, action_flag, change_message, content_type_id, user_id) FROM stdin;
\.


--
-- Data for Name: django_content_type; Type: TABLE DATA; Schema: public; Owner: postgres
--

COPY public.django_content_type (id, app_label, model) FROM stdin;
1	admin	logentry
2	auth	permission
3	auth	group
4	auth	user
5	contenttypes	contenttype
6	sessions	session
7	tasks	task
8	smse_onboarding	faculty
9	smse_onboarding	admin
10	smse_onboarding	task
11	smse_onboarding	taskprogress
12	smse_onboarding	facultydocument
13	smse_onboarding	otheremployee
14	tasks	facultydocument
15	tasks	taskprogress
16	tasks	faculty
17	tasks	otheremployee
18	tasks	admin
\.


--
-- Data for Name: django_migrations; Type: TABLE DATA; Schema: public; Owner: postgres
--

COPY public.django_migrations (id, app, name, applied) FROM stdin;
1	contenttypes	0001_initial	2025-02-12 21:05:17.717359-08
2	auth	0001_initial	2025-02-12 21:05:17.758348-08
3	admin	0001_initial	2025-02-12 21:05:17.766975-08
4	admin	0002_logentry_remove_auto_add	2025-02-12 21:05:17.769294-08
5	admin	0003_logentry_add_action_flag_choices	2025-02-12 21:05:17.771925-08
6	contenttypes	0002_remove_content_type_name	2025-02-12 21:05:17.778819-08
7	auth	0002_alter_permission_name_max_length	2025-02-12 21:05:17.781688-08
8	auth	0003_alter_user_email_max_length	2025-02-12 21:05:17.784104-08
9	auth	0004_alter_user_username_opts	2025-02-12 21:05:17.786339-08
10	auth	0005_alter_user_last_login_null	2025-02-12 21:05:17.788993-08
11	auth	0006_require_contenttypes_0002	2025-02-12 21:05:17.789634-08
12	auth	0007_alter_validators_add_error_messages	2025-02-12 21:05:17.791886-08
13	auth	0008_alter_user_username_max_length	2025-02-12 21:05:17.796919-08
14	auth	0009_alter_user_last_name_max_length	2025-02-12 21:05:17.799711-08
15	auth	0010_alter_group_name_max_length	2025-02-12 21:05:17.803165-08
16	auth	0011_update_proxy_permissions	2025-02-12 21:05:17.806812-08
17	auth	0012_alter_user_first_name_max_length	2025-02-12 21:05:17.809666-08
18	sessions	0001_initial	2025-02-12 21:05:17.814855-08
21	tasks	0003_faculty_admin_facultydocument_otheremployee_and_more	2025-02-18 15:21:01.655742-08
\.


--
-- Data for Name: django_session; Type: TABLE DATA; Schema: public; Owner: postgres
--

COPY public.django_session (session_key, session_data, expire_date) FROM stdin;
\.


--
-- Data for Name: tasks_admin; Type: TABLE DATA; Schema: public; Owner: postgres
--

COPY public.tasks_admin (faculty_ptr_id, permissions) FROM stdin;
\.


--
-- Data for Name: tasks_faculty; Type: TABLE DATA; Schema: public; Owner: postgres
--

COPY public.tasks_faculty (faculty_id, first_name, last_name, job_role, engineering_dept, password, email, phone, zoom_phone, office_room, hire_date, mailing_list_status, bio) FROM stdin;
\.


--
-- Data for Name: tasks_facultydocument; Type: TABLE DATA; Schema: public; Owner: postgres
--

COPY public.tasks_facultydocument (document_id, file_path, faculty_id) FROM stdin;
\.


--
-- Data for Name: tasks_otheremployee; Type: TABLE DATA; Schema: public; Owner: postgres
--

COPY public.tasks_otheremployee (other_employee_id, first_name, last_name, job_role, other_employee_dept, email, phone, office_room) FROM stdin;
\.


--
-- Data for Name: tasks_otheremployee_associated_tasks; Type: TABLE DATA; Schema: public; Owner: postgres
--

COPY public.tasks_otheremployee_associated_tasks (id, otheremployee_id, task_id) FROM stdin;
\.


--
-- Data for Name: tasks_taskprogress; Type: TABLE DATA; Schema: public; Owner: postgres
--

COPY public.tasks_taskprogress (progress_id, progress_status, faculty_id, task_id) FROM stdin;
\.


--
-- Name: auth_group_id_seq; Type: SEQUENCE SET; Schema: public; Owner: postgres
--

SELECT pg_catalog.setval('public.auth_group_id_seq', 1, false);


--
-- Name: auth_group_permissions_id_seq; Type: SEQUENCE SET; Schema: public; Owner: postgres
--

SELECT pg_catalog.setval('public.auth_group_permissions_id_seq', 1, false);


--
-- Name: auth_permission_id_seq; Type: SEQUENCE SET; Schema: public; Owner: postgres
--

SELECT pg_catalog.setval('public.auth_permission_id_seq', 72, true);


--
-- Name: auth_user_groups_id_seq; Type: SEQUENCE SET; Schema: public; Owner: postgres
--

SELECT pg_catalog.setval('public.auth_user_groups_id_seq', 1, false);


--
-- Name: auth_user_id_seq; Type: SEQUENCE SET; Schema: public; Owner: postgres
--

SELECT pg_catalog.setval('public.auth_user_id_seq', 1, false);


--
-- Name: auth_user_user_permissions_id_seq; Type: SEQUENCE SET; Schema: public; Owner: postgres
--

SELECT pg_catalog.setval('public.auth_user_user_permissions_id_seq', 1, false);


--
-- Name: django_admin_log_id_seq; Type: SEQUENCE SET; Schema: public; Owner: postgres
--

SELECT pg_catalog.setval('public.django_admin_log_id_seq', 1, false);


--
-- Name: django_content_type_id_seq; Type: SEQUENCE SET; Schema: public; Owner: postgres
--

SELECT pg_catalog.setval('public.django_content_type_id_seq', 18, true);


--
-- Name: django_migrations_id_seq; Type: SEQUENCE SET; Schema: public; Owner: postgres
--

SELECT pg_catalog.setval('public.django_migrations_id_seq', 21, true);


--
-- Name: tasks_faculty_faculty_id_seq; Type: SEQUENCE SET; Schema: public; Owner: postgres
--

SELECT pg_catalog.setval('public.tasks_faculty_faculty_id_seq', 1, false);


--
-- Name: tasks_facultydocument_document_id_seq; Type: SEQUENCE SET; Schema: public; Owner: postgres
--

SELECT pg_catalog.setval('public.tasks_facultydocument_document_id_seq', 1, false);


--
-- Name: tasks_otheremployee_associated_tasks_id_seq; Type: SEQUENCE SET; Schema: public; Owner: postgres
--

SELECT pg_catalog.setval('public.tasks_otheremployee_associated_tasks_id_seq', 1, false);


--
-- Name: tasks_otheremployee_other_employee_id_seq; Type: SEQUENCE SET; Schema: public; Owner: postgres
--

SELECT pg_catalog.setval('public.tasks_otheremployee_other_employee_id_seq', 1, false);


--
-- Name: tasks_taskprogress_progress_id_seq; Type: SEQUENCE SET; Schema: public; Owner: postgres
--

SELECT pg_catalog.setval('public.tasks_taskprogress_progress_id_seq', 1, false);


--
-- Name: auth_group auth_group_name_key; Type: CONSTRAINT; Schema: public; Owner: postgres
--

ALTER TABLE ONLY public.auth_group
    ADD CONSTRAINT auth_group_name_key UNIQUE (name);


--
-- Name: auth_group_permissions auth_group_permissions_group_id_permission_id_0cd325b0_uniq; Type: CONSTRAINT; Schema: public; Owner: postgres
--

ALTER TABLE ONLY public.auth_group_permissions
    ADD CONSTRAINT auth_group_permissions_group_id_permission_id_0cd325b0_uniq UNIQUE (group_id, permission_id);


--
-- Name: auth_group_permissions auth_group_permissions_pkey; Type: CONSTRAINT; Schema: public; Owner: postgres
--

ALTER TABLE ONLY public.auth_group_permissions
    ADD CONSTRAINT auth_group_permissions_pkey PRIMARY KEY (id);


--
-- Name: auth_group auth_group_pkey; Type: CONSTRAINT; Schema: public; Owner: postgres
--

ALTER TABLE ONLY public.auth_group
    ADD CONSTRAINT auth_group_pkey PRIMARY KEY (id);


--
-- Name: auth_permission auth_permission_content_type_id_codename_01ab375a_uniq; Type: CONSTRAINT; Schema: public; Owner: postgres
--

ALTER TABLE ONLY public.auth_permission
    ADD CONSTRAINT auth_permission_content_type_id_codename_01ab375a_uniq UNIQUE (content_type_id, codename);


--
-- Name: auth_permission auth_permission_pkey; Type: CONSTRAINT; Schema: public; Owner: postgres
--

ALTER TABLE ONLY public.auth_permission
    ADD CONSTRAINT auth_permission_pkey PRIMARY KEY (id);


--
-- Name: auth_user_groups auth_user_groups_pkey; Type: CONSTRAINT; Schema: public; Owner: postgres
--

ALTER TABLE ONLY public.auth_user_groups
    ADD CONSTRAINT auth_user_groups_pkey PRIMARY KEY (id);


--
-- Name: auth_user_groups auth_user_groups_user_id_group_id_94350c0c_uniq; Type: CONSTRAINT; Schema: public; Owner: postgres
--

ALTER TABLE ONLY public.auth_user_groups
    ADD CONSTRAINT auth_user_groups_user_id_group_id_94350c0c_uniq UNIQUE (user_id, group_id);


--
-- Name: auth_user auth_user_pkey; Type: CONSTRAINT; Schema: public; Owner: postgres
--

ALTER TABLE ONLY public.auth_user
    ADD CONSTRAINT auth_user_pkey PRIMARY KEY (id);


--
-- Name: auth_user_user_permissions auth_user_user_permissions_pkey; Type: CONSTRAINT; Schema: public; Owner: postgres
--

ALTER TABLE ONLY public.auth_user_user_permissions
    ADD CONSTRAINT auth_user_user_permissions_pkey PRIMARY KEY (id);


--
-- Name: auth_user_user_permissions auth_user_user_permissions_user_id_permission_id_14a6b632_uniq; Type: CONSTRAINT; Schema: public; Owner: postgres
--

ALTER TABLE ONLY public.auth_user_user_permissions
    ADD CONSTRAINT auth_user_user_permissions_user_id_permission_id_14a6b632_uniq UNIQUE (user_id, permission_id);


--
-- Name: auth_user auth_user_username_key; Type: CONSTRAINT; Schema: public; Owner: postgres
--

ALTER TABLE ONLY public.auth_user
    ADD CONSTRAINT auth_user_username_key UNIQUE (username);


--
-- Name: django_admin_log django_admin_log_pkey; Type: CONSTRAINT; Schema: public; Owner: postgres
--

ALTER TABLE ONLY public.django_admin_log
    ADD CONSTRAINT django_admin_log_pkey PRIMARY KEY (id);


--
-- Name: django_content_type django_content_type_app_label_model_76bd3d3b_uniq; Type: CONSTRAINT; Schema: public; Owner: postgres
--

ALTER TABLE ONLY public.django_content_type
    ADD CONSTRAINT django_content_type_app_label_model_76bd3d3b_uniq UNIQUE (app_label, model);


--
-- Name: django_content_type django_content_type_pkey; Type: CONSTRAINT; Schema: public; Owner: postgres
--

ALTER TABLE ONLY public.django_content_type
    ADD CONSTRAINT django_content_type_pkey PRIMARY KEY (id);


--
-- Name: django_migrations django_migrations_pkey; Type: CONSTRAINT; Schema: public; Owner: postgres
--

ALTER TABLE ONLY public.django_migrations
    ADD CONSTRAINT django_migrations_pkey PRIMARY KEY (id);


--
-- Name: django_session django_session_pkey; Type: CONSTRAINT; Schema: public; Owner: postgres
--

ALTER TABLE ONLY public.django_session
    ADD CONSTRAINT django_session_pkey PRIMARY KEY (session_key);


--
-- Name: tasks_admin tasks_admin_pkey; Type: CONSTRAINT; Schema: public; Owner: postgres
--

ALTER TABLE ONLY public.tasks_admin
    ADD CONSTRAINT tasks_admin_pkey PRIMARY KEY (faculty_ptr_id);


--
-- Name: tasks_faculty tasks_faculty_pkey; Type: CONSTRAINT; Schema: public; Owner: postgres
--

ALTER TABLE ONLY public.tasks_faculty
    ADD CONSTRAINT tasks_faculty_pkey PRIMARY KEY (faculty_id);


--
-- Name: tasks_facultydocument tasks_facultydocument_pkey; Type: CONSTRAINT; Schema: public; Owner: postgres
--

ALTER TABLE ONLY public.tasks_facultydocument
    ADD CONSTRAINT tasks_facultydocument_pkey PRIMARY KEY (document_id);


--
-- Name: tasks_otheremployee_associated_tasks tasks_otheremployee_asso_otheremployee_id_task_id_d831fb66_uniq; Type: CONSTRAINT; Schema: public; Owner: postgres
--

ALTER TABLE ONLY public.tasks_otheremployee_associated_tasks
    ADD CONSTRAINT tasks_otheremployee_asso_otheremployee_id_task_id_d831fb66_uniq UNIQUE (otheremployee_id, task_id);


--
-- Name: tasks_otheremployee_associated_tasks tasks_otheremployee_associated_tasks_pkey; Type: CONSTRAINT; Schema: public; Owner: postgres
--

ALTER TABLE ONLY public.tasks_otheremployee_associated_tasks
    ADD CONSTRAINT tasks_otheremployee_associated_tasks_pkey PRIMARY KEY (id);


--
-- Name: tasks_otheremployee tasks_otheremployee_pkey; Type: CONSTRAINT; Schema: public; Owner: postgres
--

ALTER TABLE ONLY public.tasks_otheremployee
    ADD CONSTRAINT tasks_otheremployee_pkey PRIMARY KEY (other_employee_id);


--
-- Name: tasks_taskprogress tasks_taskprogress_pkey; Type: CONSTRAINT; Schema: public; Owner: postgres
--

ALTER TABLE ONLY public.tasks_taskprogress
    ADD CONSTRAINT tasks_taskprogress_pkey PRIMARY KEY (progress_id);


--
-- Name: auth_group_name_a6ea08ec_like; Type: INDEX; Schema: public; Owner: postgres
--

CREATE INDEX auth_group_name_a6ea08ec_like ON public.auth_group USING btree (name varchar_pattern_ops);


--
-- Name: auth_group_permissions_group_id_b120cbf9; Type: INDEX; Schema: public; Owner: postgres
--

CREATE INDEX auth_group_permissions_group_id_b120cbf9 ON public.auth_group_permissions USING btree (group_id);


--
-- Name: auth_group_permissions_permission_id_84c5c92e; Type: INDEX; Schema: public; Owner: postgres
--

CREATE INDEX auth_group_permissions_permission_id_84c5c92e ON public.auth_group_permissions USING btree (permission_id);


--
-- Name: auth_permission_content_type_id_2f476e4b; Type: INDEX; Schema: public; Owner: postgres
--

CREATE INDEX auth_permission_content_type_id_2f476e4b ON public.auth_permission USING btree (content_type_id);


--
-- Name: auth_user_groups_group_id_97559544; Type: INDEX; Schema: public; Owner: postgres
--

CREATE INDEX auth_user_groups_group_id_97559544 ON public.auth_user_groups USING btree (group_id);


--
-- Name: auth_user_groups_user_id_6a12ed8b; Type: INDEX; Schema: public; Owner: postgres
--

CREATE INDEX auth_user_groups_user_id_6a12ed8b ON public.auth_user_groups USING btree (user_id);


--
-- Name: auth_user_user_permissions_permission_id_1fbb5f2c; Type: INDEX; Schema: public; Owner: postgres
--

CREATE INDEX auth_user_user_permissions_permission_id_1fbb5f2c ON public.auth_user_user_permissions USING btree (permission_id);


--
-- Name: auth_user_user_permissions_user_id_a95ead1b; Type: INDEX; Schema: public; Owner: postgres
--

CREATE INDEX auth_user_user_permissions_user_id_a95ead1b ON public.auth_user_user_permissions USING btree (user_id);


--
-- Name: auth_user_username_6821ab7c_like; Type: INDEX; Schema: public; Owner: postgres
--

CREATE INDEX auth_user_username_6821ab7c_like ON public.auth_user USING btree (username varchar_pattern_ops);


--
-- Name: django_admin_log_content_type_id_c4bce8eb; Type: INDEX; Schema: public; Owner: postgres
--

CREATE INDEX django_admin_log_content_type_id_c4bce8eb ON public.django_admin_log USING btree (content_type_id);


--
-- Name: django_admin_log_user_id_c564eba6; Type: INDEX; Schema: public; Owner: postgres
--

CREATE INDEX django_admin_log_user_id_c564eba6 ON public.django_admin_log USING btree (user_id);


--
-- Name: django_session_expire_date_a5c62663; Type: INDEX; Schema: public; Owner: postgres
--

CREATE INDEX django_session_expire_date_a5c62663 ON public.django_session USING btree (expire_date);


--
-- Name: django_session_session_key_c0390e0f_like; Type: INDEX; Schema: public; Owner: postgres
--

CREATE INDEX django_session_session_key_c0390e0f_like ON public.django_session USING btree (session_key varchar_pattern_ops);


--
-- Name: tasks_facultydocument_faculty_id_047c48b8; Type: INDEX; Schema: public; Owner: postgres
--

CREATE INDEX tasks_facultydocument_faculty_id_047c48b8 ON public.tasks_facultydocument USING btree (faculty_id);


--
-- Name: tasks_otheremployee_associated_tasks_otheremployee_id_ccaea604; Type: INDEX; Schema: public; Owner: postgres
--

CREATE INDEX tasks_otheremployee_associated_tasks_otheremployee_id_ccaea604 ON public.tasks_otheremployee_associated_tasks USING btree (otheremployee_id);


--
-- Name: tasks_otheremployee_associated_tasks_task_id_aef30b12; Type: INDEX; Schema: public; Owner: postgres
--

CREATE INDEX tasks_otheremployee_associated_tasks_task_id_aef30b12 ON public.tasks_otheremployee_associated_tasks USING btree (task_id);


--
-- Name: tasks_taskprogress_faculty_id_b0a4d93a; Type: INDEX; Schema: public; Owner: postgres
--

CREATE INDEX tasks_taskprogress_faculty_id_b0a4d93a ON public.tasks_taskprogress USING btree (faculty_id);


--
-- Name: tasks_taskprogress_task_id_0290d1ef; Type: INDEX; Schema: public; Owner: postgres
--

CREATE INDEX tasks_taskprogress_task_id_0290d1ef ON public.tasks_taskprogress USING btree (task_id);


--
-- Name: auth_group_permissions auth_group_permissio_permission_id_84c5c92e_fk_auth_perm; Type: FK CONSTRAINT; Schema: public; Owner: postgres
--

ALTER TABLE ONLY public.auth_group_permissions
    ADD CONSTRAINT auth_group_permissio_permission_id_84c5c92e_fk_auth_perm FOREIGN KEY (permission_id) REFERENCES public.auth_permission(id) DEFERRABLE INITIALLY DEFERRED;


--
-- Name: auth_group_permissions auth_group_permissions_group_id_b120cbf9_fk_auth_group_id; Type: FK CONSTRAINT; Schema: public; Owner: postgres
--

ALTER TABLE ONLY public.auth_group_permissions
    ADD CONSTRAINT auth_group_permissions_group_id_b120cbf9_fk_auth_group_id FOREIGN KEY (group_id) REFERENCES public.auth_group(id) DEFERRABLE INITIALLY DEFERRED;


--
-- Name: auth_permission auth_permission_content_type_id_2f476e4b_fk_django_co; Type: FK CONSTRAINT; Schema: public; Owner: postgres
--

ALTER TABLE ONLY public.auth_permission
    ADD CONSTRAINT auth_permission_content_type_id_2f476e4b_fk_django_co FOREIGN KEY (content_type_id) REFERENCES public.django_content_type(id) DEFERRABLE INITIALLY DEFERRED;


--
-- Name: auth_user_groups auth_user_groups_group_id_97559544_fk_auth_group_id; Type: FK CONSTRAINT; Schema: public; Owner: postgres
--

ALTER TABLE ONLY public.auth_user_groups
    ADD CONSTRAINT auth_user_groups_group_id_97559544_fk_auth_group_id FOREIGN KEY (group_id) REFERENCES public.auth_group(id) DEFERRABLE INITIALLY DEFERRED;


--
-- Name: auth_user_groups auth_user_groups_user_id_6a12ed8b_fk_auth_user_id; Type: FK CONSTRAINT; Schema: public; Owner: postgres
--

ALTER TABLE ONLY public.auth_user_groups
    ADD CONSTRAINT auth_user_groups_user_id_6a12ed8b_fk_auth_user_id FOREIGN KEY (user_id) REFERENCES public.auth_user(id) DEFERRABLE INITIALLY DEFERRED;


--
-- Name: auth_user_user_permissions auth_user_user_permi_permission_id_1fbb5f2c_fk_auth_perm; Type: FK CONSTRAINT; Schema: public; Owner: postgres
--

ALTER TABLE ONLY public.auth_user_user_permissions
    ADD CONSTRAINT auth_user_user_permi_permission_id_1fbb5f2c_fk_auth_perm FOREIGN KEY (permission_id) REFERENCES public.auth_permission(id) DEFERRABLE INITIALLY DEFERRED;


--
-- Name: auth_user_user_permissions auth_user_user_permissions_user_id_a95ead1b_fk_auth_user_id; Type: FK CONSTRAINT; Schema: public; Owner: postgres
--

ALTER TABLE ONLY public.auth_user_user_permissions
    ADD CONSTRAINT auth_user_user_permissions_user_id_a95ead1b_fk_auth_user_id FOREIGN KEY (user_id) REFERENCES public.auth_user(id) DEFERRABLE INITIALLY DEFERRED;


--
-- Name: django_admin_log django_admin_log_content_type_id_c4bce8eb_fk_django_co; Type: FK CONSTRAINT; Schema: public; Owner: postgres
--

ALTER TABLE ONLY public.django_admin_log
    ADD CONSTRAINT django_admin_log_content_type_id_c4bce8eb_fk_django_co FOREIGN KEY (content_type_id) REFERENCES public.django_content_type(id) DEFERRABLE INITIALLY DEFERRED;


--
-- Name: django_admin_log django_admin_log_user_id_c564eba6_fk_auth_user_id; Type: FK CONSTRAINT; Schema: public; Owner: postgres
--

ALTER TABLE ONLY public.django_admin_log
    ADD CONSTRAINT django_admin_log_user_id_c564eba6_fk_auth_user_id FOREIGN KEY (user_id) REFERENCES public.auth_user(id) DEFERRABLE INITIALLY DEFERRED;


--
-- Name: tasks_admin tasks_admin_faculty_ptr_id_8bc534b8_fk_tasks_faculty_faculty_id; Type: FK CONSTRAINT; Schema: public; Owner: postgres
--

ALTER TABLE ONLY public.tasks_admin
    ADD CONSTRAINT tasks_admin_faculty_ptr_id_8bc534b8_fk_tasks_faculty_faculty_id FOREIGN KEY (faculty_ptr_id) REFERENCES public.tasks_faculty(faculty_id) DEFERRABLE INITIALLY DEFERRED;


--
-- Name: tasks_facultydocument tasks_facultydocumen_faculty_id_047c48b8_fk_tasks_fac; Type: FK CONSTRAINT; Schema: public; Owner: postgres
--

ALTER TABLE ONLY public.tasks_facultydocument
    ADD CONSTRAINT tasks_facultydocumen_faculty_id_047c48b8_fk_tasks_fac FOREIGN KEY (faculty_id) REFERENCES public.tasks_faculty(faculty_id) DEFERRABLE INITIALLY DEFERRED;


--
-- Name: tasks_otheremployee_associated_tasks tasks_otheremployee__otheremployee_id_ccaea604_fk_tasks_oth; Type: FK CONSTRAINT; Schema: public; Owner: postgres
--

ALTER TABLE ONLY public.tasks_otheremployee_associated_tasks
    ADD CONSTRAINT tasks_otheremployee__otheremployee_id_ccaea604_fk_tasks_oth FOREIGN KEY (otheremployee_id) REFERENCES public.tasks_otheremployee(other_employee_id) DEFERRABLE INITIALLY DEFERRED;


--
-- Name: tasks_taskprogress tasks_taskprogress_faculty_id_b0a4d93a_fk_tasks_fac; Type: FK CONSTRAINT; Schema: public; Owner: postgres
--

ALTER TABLE ONLY public.tasks_taskprogress
    ADD CONSTRAINT tasks_taskprogress_faculty_id_b0a4d93a_fk_tasks_fac FOREIGN KEY (faculty_id) REFERENCES public.tasks_faculty(faculty_id) DEFERRABLE INITIALLY DEFERRED;


--
-- PostgreSQL database dump complete
--

